ISO,Country,Data source,Sector,Gas,Unit,2023,2022,2021,2020,2019,2018,2017,2016,2015,2014,2013,2012,2011,2010,2009,2008,2007,2006,2005,2004,2003,2002,2001,2000,1999,1998,1997,1996,1995,1994,1993,1992,1991,1990
WORLD,World,Climate Watch,Total including LULUCF,All GHG,MtCO₂e,50762.17,49721.22,49303.7,46960.68,49204.02,48807.65,47734.66,47005.93,47042.84,47175.41,46535.89,45846.43,45335.0,44589.6,42803.05,42862.53,42615.54,41842.92,40362.46,39406.27,37558.07,36548.69,35575.33,37101.75,36442.97,36446.53,36949.22,35565.74,35177.06,34376.89,34110.82,33936.65,33996.57,33848.45
CHN,China,Climate Watch,Total including LULUCF,All GHG,MtCO₂e,13152.05,12651.27,12665.78,12084.55,11915.69,11662.12,11189.72,10955.02,11103.35,11261.76,11203.99,10726.06,10448.79,9957.4,9132.32,8566.97,8322.11,7730.97,7064.37,6289.78,5527.75,4860.56,4569.22,4373.18,4205.69,4273.31,4165.95,4176.41,4160.85,3760.64,3589.0,3345.69,3203.97,3057.24
USA,United States,Climate Watch,Total including LULUCF,All GHG,MtCO₂e,5434.18,5638.18,5563.7,5022.89,5577.45,5693.3,5459.13,5505.43,5468.96,5569.47,5510.43,5360.78,5575.75,5735.33,5461.86,5878.45,6058.06,5950.89,6037.3,6016.5,5932.45,5864.35,6016.75,6125.97,5962.75,5960.39,5913.7,5653.91,5483.14,5416.12,5321.08,5210.92,5128.4,5175.02
IND,India,Climate Watch,Total including LULUCF,All GHG,MtCO₂e,3971.69,3705.43,3459.88,3234.51,3403.75,3398.94,3281.08,3159.72,3180.52,3141.61,2954.35,2886.08,2731.4,2683.66,2566.61,2452.76,2337.97,2191.42,2092.83,2021.58,1932.3,1889.45,1870.82,1623.33,1583.36,1500.94,1471.16,1410.84,1362.25,1293.14,1243.86,1208.71,1185.12,1130.44
EUU,European Union (27),Climate Watch,Total including LULUCF,All GHG,MtCO₂e,3126.39,3358.17,3429.66,3062.11,3336.64,3484.46,3569.89,3550.41,3363.88,3311.53,3462.28,3545.29,3608.01,3716.28,3635.51,3905.19,3998.05,4037.32,4038.87,4066.29,4068.1,3978.96,3997.94,3960.87,3962.71,4042.66,4085.73,4163.74,4056.89,4004.67,4016.52,4095.97,4238.66,4307.75
BRA,Brazil,Climate Watch,Total including LULUCF,All GHG,MtCO₂e,2125.32,2108.01,2109.87,1808.26,1804.39,1781.34,1821.51,1796.51,1447.91,1461.37,1422.01,1396.62,1351.24,2059.76,1951.15,1977.59,1977.35,1937.79,1949.65,1932.06,1882.24,1866.27,1826.26,2310.71,2308.89,2297.72,2261.35,2229.62,2227.89,2201.06,2184.14,2173.85,2163.61,2142.07
IDN,Indonesia,Climate Watch,Total including LULUCF,All GHG,MtCO₂e,1570.53,1283.85,1235.21,1027.62,1445.66,1200.19,951.96,940.71,1777.0,1730.24,1371.06,1379.27,1338.69,804.84,1212.27,804.58,822.67,1398.77,967.06,1250.52,895.15,1241.61,745.2,1918.53,1999.55,2113.08,2904.99,1905.79,2049.95,2013.01,1990.03,1971.34,1946.39,1924.52
RUS,Russia,Climate Watch,Total including LULUCF,All GHG,MtCO₂e,1317.93,1272.42,1288.63,1406.62,1483.94,1485.67,1394.14,1349.21,1279.11,1312.0,1319.05,1364.6,1382.13,1055.57,985.64,1113.99,1120.19,1110.62,1082.29,1051.42,1059.44,985.55,992.43,1099.93,1039.47,1013.96,1004.25,1149.42,1194.39,1269.69,1495.13,1680.17,1845.99,1906.34
IRN,Iran,Climate Watch,Total including LULUCF,All GHG,MtCO₂e,1046.61,1001.54,979.19,918.61,901.53,864.44,873.17,842.02,801.56,804.41,781.27,760.29,761.74,747.69,743.44,722.33,715.85,685.8,645.87,606.5,571.5,534.13,521.28,510.73,482.18,448.36,448.14,430.6,414.8,405.68,366.3,359.03,338.3,310.74
JPN,Japan,Climate Watch,Total including LULUCF,All GHG,MtCO₂e,1034.23,1078.94,1103.63,1051.64,1108.04,1143.6,1182.19,1194.46,1192.92,1229.8,1277.24,1261.88,1218.87,1078.37,1021.43,1080.71,1150.98,1117.42,1137.59,1131.07,1145.56,1139.97,1113.88,1217.51,1207.15,1181.21,1232.94,1248.02,1235.0,1213.84,1153.47,1158.16,1144.21,1126.53
CAN,Canada,Climate Watch,Total including LULUCF,All GHG,MtCO₂e,875.95,857.27,844.41,853.61,915.12,923.96,905.03,886.24,789.07,794.21,784.98,770.77,770.28,947.88,928.88,964.06,985.97,953.96,962.96,948.8,958.3,935.58,913.73,773.97,755.54,755.61,737.77,725.84,704.32,688.09,669.43,672.46,657.99,662.02
SAU,Saudi Arabia,Climate Watch,Total including LULUCF,All GHG,MtCO₂e,779.33,772.15,727.88,705.53,710.52,711.92,730.41,740.38,739.7,706.66,660.79,642.16,604.25,574.54,527.41,510.35,468.98,445.33,420.15,396.44,376.04,353.55,332.4,324.58,310.26,306.46,291.54,287.16,273.1,274.48,274.05,275.68,258.77,229.7
MEX,Mexico,Climate Watch,Total including LULUCF,All GHG,MtCO₂e,731.02,708.03,676.79,664.85,717.6,703.37,720.16,722.32,678.95,664.19,668.89,683.27,677.43,610.56,593.53,604.98,599.94,587.33,566.49,541.07,532.31,503.48,491.67,580.06,553.09,570.11,536.29,511.65,492.14,512.74,485.78,467.25,464.12,444.54
DEU,Germany,Climate Watch,Total including LULUCF,All GHG,MtCO₂e,668.63,731.26,741.56,719.09,772.93,824.02,853.99,870.61,812.94,808.02,848.79,833.62,820.61,876.66,845.8,902.95,900.01,929.17,920.94,942.9,961.02,960.31,977.07,926.0,933.76,971.68,993.31,1030.34,1005.84,1008.71,1018.01,1025.48,1069.92,1095.18
AUS,Australia,Climate Watch,Total including LULUCF,All GHG,MtCO₂e,651.66,565.82,569.42,568.79,618.18,634.06,638.33,595.68,616.51,618.41,600.15,681.82,678.42,662.43,680.63,662.09,692.67,691.08,644.43,680.55,629.59,705.9,709.81,668.99,649.1,608.33,582.28,570.02,568.46,561.38,555.3,552.3,552.38,550.65
KOR,South Korea,Climate Watch,Total including LULUCF,All GHG,MtCO₂e,642.02,658.48,672.77,642.24,684.33,708.54,683.3,656.92,647.43,632.92,646.41,645.78,648.38,608.68,546.87,535.83,521.62,504.22,495.91,499.18,478.29,465.49,447.67,450.85,415.62,376.76,443.1,421.29,393.83,365.36,339.58,309.39,284.33,255.7
PAK,Pakistan,Climate Watch,Total including LULUCF,All GHG,MtCO₂e,562.79,550.32,585.53,570.51,536.14,532.0,534.17,508.63,493.21,476.86,461.18,446.05,440.15,426.42,429.74,414.56,409.65,388.9,365.85,353.32,332.35,318.99,308.99,301.41,295.46,278.62,271.35,261.23,250.27,235.65,227.06,213.11,199.3,194.72
TUR,Turkey,Climate Watch,Total including LULUCF,All GHG,MtCO₂e,518.21,516.13,534.88,514.21,501.74,512.32,510.79,471.91,374.04,366.51,341.31,350.19,334.49,328.21,318.13,315.55,317.94,287.73,259.27,246.38,240.5,229.29,219.0,266.9,242.83,242.9,242.03,233.08,215.41,200.82,205.76,199.27,191.72,189.5
VNM,Vietnam,Climate Watch,Total including LULUCF,All GHG,MtCO₂e,479.01,475.79,475.04,309.14,297.1,242.3,184.15,176.8,310.51,294.67,280.76,265.72,264.44,300.48,281.19,257.93,248.29,233.36,228.59,217.91,195.61,189.39,172.42,77.35,69.15,65.15,53.27,44.85,36.67,28.34,23.87,17.71,14.34,10.48
THA,Thailand,Climate Watch,Total including LULUCF,All GHG,MtCO₂e,457.36,459.81,442.42,387.51,393.22,384.4,392.13,388.52,404.5,403.48,407.75,400.02,376.4,379.45,354.57,357.49,355.68,337.58,333.72,324.97,300.81,289.06,274.75,262.46,263.49,253.59,274.37,265.7,246.56,229.23,213.93,196.24,183.7,172.02
ARG,Argentina,Climate Watch,Total including LULUCF,All GHG,MtCO₂e,435.28,450.36,430.48,425.46,439.79,442.66,444.53,440.31,456.99,451.2,453.57,446.27,440.57,466.41,462.41,483.57,479.64,467.86,453.82,449.82,432.59,409.78,411.17,389.82,391.53,383.58,379.79,374.67,363.18,359.81,356.2,355.24,349.95,345.66
ITA,Italy,Climate Watch,Total including LULUCF,All GHG,MtCO₂e,423.36,449.79,447.87,338.29,374.89,383.92,387.97,392.18,403.4,393.46,413.43,445.07,463.31,453.97,444.41,493.72,508.38,515.17,526.07,524.59,512.33,492.66,483.2,484.59,478.49,471.07,459.79,455.61,459.43,434.13,438.94,444.86,447.7,450.33
GBR,United Kingdom,Climate Watch,Total including LULUCF,All GHG,MtCO₂e,407.91,427.17,443.43,422.74,466.07,480.94,488.5,499.14,512.43,527.52,568.11,584.25,564.53,604.83,592.65,648.98,670.52,686.58,690.47,697.3,704.83,697.38,715.7,707.41,708.62,737.88,744.09,763.89,742.63,749.64,751.54,768.88,785.54,776.31
MYS,Malaysia,Climate Watch,Total including LULUCF,All GHG,MtCO₂e,402.21,399.81,374.23,371.19,380.59,374.8,351.92,368.11,184.25,199.91,165.89,142.84,142.06,365.65,353.94,358.85,347.46,323.25,327.13,311.55,285.91,276.15,259.23,268.04,256.23,279.53,250.22,238.33,227.6,220.1,211.63,204.45,202.11,190.72
ZAF,South Africa,Climate Watch,Total including LULUCF,All GHG,MtCO₂e,382.98,386.19,428.78,558.26,579.8,575.2,571.03,558.48,501.31,527.19,515.16,504.25,483.55,521.16,499.03,521.55,490.55,469.32,467.17,467.68,438.6,416.21,400.04,368.3,369.81,390.12,381.22,364.21,350.52,337.26,330.81,320.31,324.33,328.35
EGY,Egypt,Climate Watch,Total including LULUCF,All GHG,MtCO₂e,371.04,354.23,350.65,323.27,313.3,337.3,343.86,333.13,322.47,312.07,304.96,302.31,292.94,285.59,284.6,276.66,269.8,253.1,241.82,222.94,210.39,204.57,198.2,185.81,185.97,176.51,170.81,161.92,154.41,145.52,148.37,141.72,139.27,133.68
POL,Poland,Climate Watch,Total including LULUCF,All GHG,MtCO₂e,354.9,383.98,399.18,350.9,368.59,386.99,389.14,376.66,352.81,350.44,365.11,372.16,378.54,344.72,326.51,344.55,352.49,355.48,342.23,342.44,339.89,329.2,336.72,395.09,413.83,427.24,464.48,474.22,461.96,460.3,466.0,466.8,477.98,482.9
FRA,France,Climate Watch,Total including LULUCF,All GHG,MtCO₂e,347.38,370.91,383.4,351.59,390.49,400.0,414.62,409.88,374.23,368.81,404.1,403.86,401.13,410.6,406.92,425.08,430.87,437.86,447.37,446.41,447.78,443.02,450.9,486.72,488.18,497.07,480.26,489.92,470.99,463.39,470.08,490.85,506.38,480.5
NGA,Nigeria,Climate Watch,Total including LULUCF,All GHG,MtCO₂e,342.92,341.66,350.04,345.04,353.17,342.02,332.23,337.24,337.41,341.38,329.96,320.15,317.85,310.7,282.52,294.75,292.52,305.6,319.38,315.78,313.33,290.72,313.39,318.9,305.85,321.4,342.4,353.58,321.08,315.98,321.48,323.96,306.14,290.88
KAZ,Kazakhstan,Climate Watch,Total including LULUCF,All GHG,MtCO₂e,338.16,319.34,320.35,291.93,288.23,302.43,301.84,281.15,262.7,295.86,334.98,322.57,326.78,313.04,293.24,320.08,281.98,271.51,249.81,235.71,218.74,205.58,178.07,179.96,175.61,193.9,193.97,217.1,243.5,278.66,301.69,340.6,341.06,334.06
IRQ,Iraq,Climate Watch,Total including LULUCF,All GHG,MtCO₂e,334.98,324.83,298.67,291.62,308.03,283.91,269.65,255.6,221.93,217.74,219.15,205.95,180.4,171.29,154.49,143.76,127.98,133.02,133.06,135.99,120.99,138.98,148.16,136.78,119.64,133.28,151.6,122.88,124.29,125.67,109.32,81.69,56.97,98.32
DZA,Algeria,Climate Watch,Total including LULUCF,All GHG,MtCO₂e,303.23,302.04,289.9,283.47,295.27,285.49,276.39,270.03,271.95,261.74,249.02,242.45,220.99,215.85,210.12,208.75,205.74,202.71,195.03,187.69,184.05,168.86,163.22,167.24,159.52,156.06,155.18,157.98,154.18,147.09,141.18,128.98,126.08,122.36
COL,Colombia,Climate Watch,Total including LULUCF,All GHG,MtCO₂e,294.08,289.18,284.59,288.5,296.25,293.89,285.26,288.15,251.67,253.36,249.7,239.88,240.62,242.45,234.09,228.46,223.88,215.77,213.81,211.19,208.42,204.94,207.96,264.38,260.23,271.99,269.66,262.92,262.07,256.62,253.49,248.49,244.7,243.72
ESP,Spain,Climate Watch,Total including LULUCF,All GHG,MtCO₂e,271.61,289.8,286.49,255.34,293.48,311.01,319.67,304.62,319.92,309.02,310.79,337.42,344.25,322.03,336.8,372.79,406.51,390.49,396.14,381.63,366.64,357.11,342.16,294.89,277.29,252.25,243.92,221.6,227.81,213.12,199.26,214.77,204.46,198.42
COD,Democratic Republic of the Congo,Climate Watch,Total including LULUCF,All GHG,MtCO₂e,260.51,262.31,262.57,260.67,257.14,251.95,261.08,255.64,649.85,646.05,645.91,641.91,649.92,467.21,462.76,462.51,456.39,463.74,461.51,461.24,457.13,448.83,433.79,437.82,441.76,450.12,448.13,440.77,448.21,448.1,444.84,441.59,439.39,440.83
BGD,Bangladesh,Climate Watch,Total including LULUCF,All GHG,MtCO₂e,259.57,265.18,257.61,233.59,235.85,230.89,225.65,215.59,217.43,209.12,204.01,200.07,195.26,189.59,182.61,178.28,170.09,167.24,161.69,157.29,156.26,154.63,151.98,147.21,145.9,141.67,140.88,138.01,136.56,130.95,127.47,125.67,122.97,122.8
ARE,United Arab Emirates,Climate Watch,Total including LULUCF,All GHG,MtCO₂e,253.42,242.67,236.92,235.65,240.74,226.55,243.12,252.9,246.7,234.39,234.08,224.26,217.03,209.28,203.57,206.27,180.83,170.58,163.11,153.37,144.56,135.84,133.94,120.24,119.3,118.54,116.71,113.24,108.62,103.77,94.08,89.41,90.43,81.57
VEN,Venezuela,Climate Watch,Total including LULUCF,All GHG,MtCO₂e,252.77,251.67,239.76,263.2,324.81,364.05,422.86,458.32,468.69,498.85,501.69,497.24,455.07,451.44,449.12,459.91,443.02,447.44,449.21,430.64,407.27,422.98,436.66,453.19,444.9,465.15,463.81,444.01,415.62,385.92,381.68,375.44,370.56,356.47
PER,Peru,Climate Watch,Total including LULUCF,All GHG,MtCO₂e,242.98,240.85,235.9,171.75,181.83,178.6,178.04,180.7,229.3,227.75,223.55,221.46,221.72,217.68,212.82,208.7,203.62,199.6,200.3,198.46,194.47,194.42,192.43,194.3,193.61,189.34,188.01,187.02,183.28,178.22,176.29,174.83,173.5,174.76
PHL,Philippines,Climate Watch,Total including LULUCF,All GHG,MtCO₂e,239.02,223.59,216.67,212.71,222.92,216.31,210.52,193.92,183.53,174.84,167.72,156.92,152.04,158.68,152.78,149.42,145.59,139.04,144.95,143.57,140.09,137.22,135.47,150.76,149.58,143.23,149.93,141.97,133.09,120.61,112.6,106.25,103.13,103.33
TKM,Turkmenistan,Climate Watch,Total including LULUCF,All GHG,MtCO₂e,238.23,213.12,210.28,185.83,232.37,202.77,199.52,195.84,201.98,196.04,199.21,191.66,182.97,150.8,135.52,180.0,172.94,159.7,158.98,154.3,146.11,129.93,120.86,118.17,92.41,72.73,70.92,87.77,90.39,89.94,112.29,101.3,146.94,154.26
ETH,Ethiopia,Climate Watch,Total including LULUCF,All GHG,MtCO₂e,200.44,191.75,189.55,195.41,187.11,175.76,172.9,170.62,182.95,179.91,174.18,169.18,162.81,166.75,160.92,156.24,151.62,140.44,134.51,130.38,127.67,128.68,119.98,117.04,120.33,119.02,112.71,108.08,104.69,103.49,102.0,107.81,106.54,105.71
MMR,Myanmar,Climate Watch,Total including LULUCF,All GHG,MtCO₂e,191.51,187.34,195.35,202.31,192.84,191.25,215.64,202.79,205.01,198.57,190.82,188.37,179.27,203.11,197.68,186.67,201.59,190.23,185.88,195.61,180.88,166.58,166.77,186.69,189.88,184.32,177.54,179.88,183.64,180.12,176.86,173.52,169.77,170.58
TZA,Tanzania,Climate Watch,Total including LULUCF,All GHG,MtCO₂e,190.7,189.98,186.62,180.76,177.67,171.32,170.78,170.5,159.65,151.83,151.29,150.07,145.66,143.17,139.07,137.04,133.69,131.58,137.29,129.75,130.61,121.46,114.58,108.95,111.15,110.68,105.94,106.15,113.04,108.52,106.5,105.55,105.35,105.0
UZB,Uzbekistan,Climate Watch,Total including LULUCF,All GHG,MtCO₂e,188.02,181.78,186.77,173.67,165.05,161.47,165.66,159.9,150.85,157.09,164.39,174.34,188.73,185.49,173.61,186.9,175.11,179.8,168.8,173.38,170.12,178.32,171.49,168.51,160.94,160.81,144.43,144.11,142.1,152.7,157.64,154.83,165.85,165.16
UKR,Ukraine,Climate Watch,Total including LULUCF,All GHG,MtCO₂e,179.25,181.31,260.23,246.25,257.89,268.36,251.91,286.38,281.67,351.12,405.65,414.02,423.4,389.01,367.31,433.1,448.3,436.14,430.29,444.62,469.86,444.55,438.47,411.8,421.63,424.2,452.78,476.1,550.28,584.94,693.47,795.88,892.86,955.57
SDN,Sudan,Climate Watch,Total including LULUCF,All GHG,MtCO₂e,150.07,153.27,157.77,66.48,67.26,66.93,66.32,66.36,108.75,105.2,104.28,103.41,5.55,6.36,8.62,-0.35,-2.14,3.03,-9.27,-8.36,-9.64,-6.37,-19.91,-122.57,-190.65,-173.75,-124.43,-62.99,-35.27,-33.96,-39.02,-41.23,-45.15,-46.04
NLD,Netherlands,Climate Watch,Total including LULUCF,All GHG,MtCO₂e,145.66,155.52,168.24,159.27,176.15,181.88,188.45,192.51,196.56,188.39,196.65,197.53,199.48,212.21,201.25,206.19,208.36,209.07,213.89,220.21,218.3,218.27,219.47,220.76,223.59,239.78,238.93,247.29,235.14,232.98,231.59,226.91,226.76,222.42
AGO,Angola,Climate Watch,Total including LULUCF,All GHG,MtCO₂e,138.77,133.95,135.47,133.97,149.4,141.45,158.79,160.76,162.51,155.63,155.63,153.91,154.42,155.13,148.36,145.64,139.56,132.93,136.62,134.17,130.49,124.21,122.13,99.38,106.97,109.37,98.37,98.66,93.18,87.7,82.96,78.7,77.32,76.75
BOL,Bolivia,Climate Watch,Total including LULUCF,All GHG,MtCO₂e,137.08,132.08,133.18,123.64,131.44,118.71,118.23,120.1,101.22,97.59,97.4,97.77,97.42,114.72,88.11,90.05,96.6,90.45,88.7,94.72,79.24,83.14,76.24,105.1,115.61,109.56,110.04,107.1,108.69,111.51,113.98,117.12,116.25,114.5
KWT,Kuwait,Climate Watch,Total including LULUCF,All GHG,MtCO₂e,136.07,129.26,125.28,119.52,126.6,128.69,126.84,133.74,128.67,126.76,126.17,123.13,119.35,113.42,113.12,114.6,108.63,107.55,102.9,96.46,90.4,84.46,82.16,79.56,73.88,70.93,68.87,64.62,63.75,64.38,53.86,36.84,14.2,45.16
QAT,Qatar,Climate Watch,Total including LULUCF,All GHG,MtCO₂e,135.18,134.02,129.02,126.48,128.63,125.83,127.55,125.86,123.39,119.18,112.42,111.06,101.64,92.64,81.68,79.47,70.75,63.73,57.03,57.54,53.94,49.49,46.0,47.05,43.86,40.94,39.79,31.69,28.52,27.7,24.74,21.53,22.49,18.99
KHM,Cambodia,Climate Watch,Total including LULUCF,All GHG,MtCO₂e,126.4,119.55,122.62,95.39,92.21,88.98,88.56,86.38,119.3,117.32,116.36,115.95,118.5,40.1,41.05,39.68,39.9,38.82,34.89,36.27,35.29,32.63,29.47,29.74,31.5,31.95,28.22,26.79,30.72,25.36,26.75,25.87,25.33,25.74
TCD,Chad,Climate Watch,Total including LULUCF,All GHG,MtCO₂e,125.57,119.79,115.14,111.52,105.94,102.95,98.34,96.66,91.44,85.93,83.32,81.4,77.15,67.36,62.93,62.36,61.73,58.85,56.81,54.78,51.3,50.54,47.81,47.02,46.77,44.21,38.92,37.23,33.15,32.16,31.2,30.25,29.24,28.42
OMN,Oman,Climate Watch,Total including LULUCF,All GHG,MtCO₂e,109.51,107.0,101.07,95.17,99.29,97.87,93.46,93.17,92.11,88.52,85.02,81.0,72.66,65.73,61.67,58.27,58.52,55.87,48.08,48.14,48.94,46.82,45.16,41.45,37.2,34.24,35.39,33.98,32.86,29.25,26.94,25.15,25.26,21.11
LBY,Libya,Climate Watch,Total including LULUCF,All GHG,MtCO₂e,108.96,99.89,103.42,69.26,99.61,96.82,90.49,75.02,78.53,87.77,97.86,108.08,65.35,104.85,98.74,98.88,94.37,98.77,98.17,90.53,89.72,81.77,81.5,84.92,81.69,82.72,84.24,93.01,90.29,82.14,67.36,57.88,65.88,63.7
MAR,Morocco,Climate Watch,Total including LULUCF,All GHG,MtCO₂e,106.08,108.32,109.56,93.7,97.71,90.85,89.21,84.85,87.15,84.77,83.29,82.85,85.21,83.03,78.01,76.77,72.25,70.05,67.1,63.52,56.16,54.76,51.85,42.22,41.02,38.85,37.95,35.99,35.38,34.65,31.45,31.15,29.49,28.25
MOZ,Mozambique,Climate Watch,Total including LULUCF,All GHG,MtCO₂e,103.63,109.95,105.88,102.33,105.66,111.3,107.02,107.56,103.73,105.81,105.48,103.46,97.33,103.43,94.05,99.08,96.03,97.2,98.24,94.67,93.56,87.58,90.66,69.04,70.41,71.38,67.45,69.56,84.82,84.31,84.04,83.39,82.8,83.08
CHL,Chile,Climate Watch,Total including LULUCF,All GHG,MtCO₂e,102.71,110.98,111.84,112.19,118.85,112.77,113.8,111.1,88.34,82.18,89.44,86.14,83.59,69.63,64.84,67.51,63.74,56.52,55.17,54.18,48.5,47.12,46.26,50.73,54.78,51.98,51.05,43.91,37.59,33.93,29.9,27.24,25.58,26.7
CMR,Cameroon,Climate Watch,Total including LULUCF,All GHG,MtCO₂e,102.36,102.87,102.11,135.23,133.7,132.79,132.02,132.16,67.34,65.95,64.76,63.13,62.8,70.44,69.79,70.01,69.82,69.75,72.94,70.23,72.83,69.57,68.92,82.49,81.01,82.13,78.06,77.13,75.47,75.78,77.48,79.07,78.97,73.07
CZE,Czech Republic,Climate Watch,Total including LULUCF,All GHG,MtCO₂e,98.44,110.37,111.7,106.4,116.12,121.53,122.75,122.58,120.98,119.2,121.91,127.22,130.79,134.93,133.68,140.1,145.58,143.93,142.86,144.36,144.11,140.88,146.21,147.37,135.62,144.28,151.32,154.39,150.18,151.46,158.57,165.48,170.61,187.1
BEL,Belgium,Climate Watch,Total including LULUCF,All GHG,MtCO₂e,95.08,99.16,105.41,104.57,113.05,114.54,113.84,115.74,111.17,106.45,112.46,111.58,112.99,123.7,116.31,123.11,120.16,124.67,128.44,131.29,133.27,129.76,137.4,136.14,135.88,140.09,138.3,144.27,139.22,138.61,132.57,135.12,136.78,132.1
ROU,Romania,Climate Watch,Total including LULUCF,All GHG,MtCO₂e,90.87,95.04,99.64,58.74,65.13,66.68,65.35,61.98,64.81,62.75,63.38,72.77,75.43,87.87,91.02,107.16,109.35,112.18,108.67,109.45,111.46,106.48,108.95,113.78,109.78,125.85,142.24,154.37,150.78,145.25,149.63,160.89,181.86,221.76
MDG,Madagascar,Climate Watch,Total including LULUCF,All GHG,MtCO₂e,90.31,86.47,86.81,75.93,77.12,75.47,77.04,77.55,109.44,108.65,108.09,108.92,108.4,108.78,108.09,106.93,108.28,106.83,108.75,104.31,105.45,102.78,105.41,113.58,114.91,115.24,114.01,114.64,113.99,113.31,113.48,113.06,112.78,112.75
ECU,Ecuador,Climate Watch,Total including LULUCF,All GHG,MtCO₂e,89.01,87.87,84.97,96.56,103.28,101.71,102.05,103.5,92.71,94.45,92.7,89.41,89.9,101.77,97.93,94.87,93.28,93.93,91.62,90.19,85.26,84.06,85.03,88.41,89.49,92.38,94.61,92.95,88.69,86.42,82.87,81.19,78.8,78.36
ZMB,Zambia,Climate Watch,Total including LULUCF,All GHG,MtCO₂e,87.13,89.67,87.21,87.86,91.45,90.17,90.95,89.56,101.47,95.52,95.34,95.19,91.93,76.7,67.43,71.02,67.0,64.47,71.64,70.11,68.19,59.42,56.79,48.35,51.87,53.37,52.02,51.41,63.29,63.37,63.95,64.27,63.95,63.55
ISR,Israel,Climate Watch,Total including LULUCF,All GHG,MtCO₂e,84.79,86.55,82.45,81.57,84.86,82.82,86.7,85.47,85.76,83.85,85.72,94.52,87.82,88.0,82.19,82.54,81.7,78.56,74.3,75.87,75.07,72.54,68.84,67.39,62.48,60.23,58.86,55.78,52.55,48.48,44.9,40.54,37.47,36.63
MNG,Mongolia,Climate Watch,Total including LULUCF,All GHG,MtCO₂e,83.49,82.15,78.91,76.7,79.85,76.38,74.46,71.23,68.73,67.41,64.98,62.51,59.3,56.32,59.04,57.82,57.7,54.91,51.98,49.18,49.37,49.61,51.51,54.92,53.71,53.57,53.93,51.68,52.2,51.22,53.04,54.25,56.5,54.27
CIV,Côte d'Ivoire,Climate Watch,Total including LULUCF,All GHG,MtCO₂e,83.31,80.51,78.2,63.05,61.36,58.76,58.14,56.24,73.78,73.65,73.51,72.0,70.26,72.61,71.97,72.8,72.64,72.46,72.75,70.83,71.29,73.44,72.8,107.2,107.21,105.07,104.32,102.6,101.61,100.67,97.52,94.55,91.61,88.58
SYR,Syria,Climate Watch,Total including LULUCF,All GHG,MtCO₂e,76.97,72.86,71.84,73.25,71.36,68.35,65.33,58.95,61.54,64.84,71.55,104.62,138.05,140.49,138.65,141.66,140.93,138.24,136.71,128.53,143.09,144.12,140.25,141.57,141.99,142.03,138.96,140.03,139.43,134.36,128.97,121.74,111.24,95.44
PRK,North Korea,Climate Watch,Total including LULUCF,All GHG,MtCO₂e,75.39,72.42,70.24,83.4,88.4,80.75,89.12,51.89,47.84,57.73,53.72,63.42,64.8,81.2,83.8,88.25,80.27,95.36,93.81,89.79,86.92,85.12,88.72,88.99,85.24,80.65,87.43,90.79,102.48,111.27,123.08,133.08,148.05,156.09
MLI,Mali,Climate Watch,Total including LULUCF,All GHG,MtCO₂e,75.16,73.15,71.83,72.13,69.69,66.59,65.24,64.59,64.61,63.23,62.34,61.31,60.5,56.73,54.83,54.48,53.11,52.06,51.8,50.9,48.58,47.92,47.57,46.06,45.87,44.87,40.69,39.93,39.6,39.24,38.98,38.76,38.69,38.76
GRC,Greece,Climate Watch,Total including LULUCF,All GHG,MtCO₂e,73.62,76.52,76.1,63.84,73.36,79.23,81.69,81.4,86.84,88.59,91.71,99.44,103.89,112.44,118.77,124.75,128.69,124.22,127.49,125.82,125.85,123.09,122.79,122.91,118.22,116.77,112.19,110.92,109.41,104.01,100.92,99.89,97.98,97.74
KEN,Kenya,Climate Watch,Total including LULUCF,All GHG,MtCO₂e,72.64,67.85,72.8,84.72,76.89,68.79,67.26,69.3,81.01,79.5,76.65,76.13,77.17,60.0,58.64,58.16,56.93,39.69,39.12,38.72,35.88,34.58,33.48,50.96,52.06,50.11,48.9,49.16,49.88,48.77,48.33,48.46,48.37,49.63
PRY,Paraguay,Climate Watch,Total including LULUCF,All GHG,MtCO₂e,71.78,71.76,74.7,97.63,97.53,95.09,96.73,94.14,102.96,103.52,102.5,101.96,100.98,103.96,101.69,99.67,102.37,98.6,98.88,97.44,99.95,98.59,98.0,95.82,101.51,98.64,99.0,98.17,98.69,96.98,96.8,96.21,96.72,99.49
NZL,New Zealand,Climate Watch,Total including LULUCF,All GHG,MtCO₂e,69.96,71.24,74.98,67.81,70.77,69.97,70.69,69.13,64.85,65.65,64.93,65.44,62.82,63.17,63.11,65.91,65.96,67.22,67.18,65.84,66.35,64.04,62.93,62.04,61.83,59.61,61.39,58.88,58.46,57.09,55.48,56.23,55.41,55.72
IRL,Ireland,Climate Watch,Total including LULUCF,All GHG,MtCO₂e,68.47,71.92,73.32,66.59,68.77,70.74,73.54,74.42,70.44,68.56,68.21,69.11,67.68,72.73,73.97,79.42,80.39,81.53,81.48,80.03,80.64,79.55,80.88,78.94,75.74,74.01,70.77,69.49,68.16,67.45,66.05,65.41,65.25,64.66
SSD,South Sudan,Climate Watch,Total including LULUCF,All GHG,MtCO₂e,68.21,65.77,68.78,73.28,63.93,72.67,66.17,68.77,66.68,66.68,64.56,64.02,154.05,150.88,152.3,158.76,160.46,147.04,162.29,154.02,150.8,143.81,149.54,272.48,340.13,316.9,256.31,183.06,146.4,142.92,140.98,138.9,136.39,135.46
UGA,Uganda,Climate Watch,Total including LULUCF,All GHG,MtCO₂e,64.25,63.29,62.86,87.14,85.47,85.71,83.92,83.47,62.7,60.03,58.41,58.09,56.17,55.6,53.84,53.28,46.52,43.68,44.91,42.79,42.66,40.79,39.88,56.03,56.21,56.33,54.84,53.36,52.39,51.65,51.9,51.47,51.09,50.53
SGP,Singapore,Climate Watch,Total including LULUCF,All GHG,MtCO₂e,64.05,63.5,62.44,59.68,60.5,59.97,61.66,58.75,58.81,57.27,56.29,55.36,55.79,53.11,49.67,48.64,48.01,47.15,47.06,50.04,48.87,52.05,52.53,52.3,47.77,46.81,46.81,46.97,45.83,45.72,43.82,39.02,38.05,36.58
BHR,Bahrain,Climate Watch,Total including LULUCF,All GHG,MtCO₂e,62.52,60.83,58.34,57.36,57.35,53.87,53.24,52.33,51.68,50.94,48.75,45.81,44.22,44.37,42.46,41.94,40.11,38.41,35.58,31.67,30.84,30.71,28.81,28.42,27.52,27.19,25.48,24.38,23.14,22.44,22.11,19.95,17.21,17.49
AUT,Austria,Climate Watch,Total including LULUCF,All GHG,MtCO₂e,61.93,65.94,69.49,66.79,72.25,71.18,74.39,72.33,72.02,70.69,74.48,73.84,77.3,77.84,72.14,79.19,79.49,82.48,84.71,84.68,83.8,78.94,77.43,67.31,67.11,68.96,69.03,70.04,66.35,63.79,63.62,64.02,69.76,65.49
CAF,Central African Republic,Climate Watch,Total including LULUCF,All GHG,MtCO₂e,57.59,66.7,65.44,64.66,64.5,66.46,65.57,71.35,55.72,54.91,58.44,60.59,64.49,60.85,51.63,64.15,65.91,62.02,64.8,56.47,67.11,51.68,57.32,47.13,46.11,49.92,44.55,41.06,54.51,54.37,54.23,54.16,54.08,53.76
HUN,Hungary,Climate Watch,Total including LULUCF,All GHG,MtCO₂e,54.93,59.83,63.66,62.29,63.89,63.89,63.9,61.71,61.06,58.16,58.26,60.59,64.17,65.68,65.65,71.25,72.64,75.15,75.85,76.61,77.9,75.41,76.97,74.72,77.71,77.0,77.11,78.73,76.65,78.07,78.26,77.74,87.35,92.1
BFA,Burkina Faso,Climate Watch,Total including LULUCF,All GHG,MtCO₂e,54.6,53.11,52.79,49.02,52.67,51.83,50.89,49.9,48.22,46.92,46.4,45.65,44.98,46.47,44.79,44.06,43.09,42.35,42.31,41.56,40.8,37.22,36.41,47.29,45.86,45.95,45.0,44.38,43.16,42.68,42.34,42.05,41.69,41.26
FIN,Finland,Climate Watch,Total including LULUCF,All GHG,MtCO₂e,54.56,58.81,60.99,42.74,47.57,50.47,49.15,51.74,5.92,9.42,13.46,12.78,18.38,65.86,57.96,61.15,69.54,71.39,59.72,71.98,75.8,67.53,65.2,43.99,45.69,46.2,49.79,51.69,45.27,49.26,42.66,41.45,44.53,44.59
LAO,Laos,Climate Watch,Total including LULUCF,All GHG,MtCO₂e,53.7,47.2,47.22,59.12,56.06,55.14,54.86,53.7,39.28,34.58,34.31,33.22,31.06,-44.39,-48.58,-49.98,-44.86,-50.69,-49.49,-46.53,-51.41,-52.01,-53.3,19.11,17.77,19.19,17.4,17.79,17.82,17.81,17.46,17.46,17.19,17.32
SWE,Sweden,Climate Watch,Total including LULUCF,All GHG,MtCO₂e,53.53,54.63,57.43,47.85,49.3,49.86,51.95,52.12,20.37,20.43,21.61,23.41,26.23,46.25,40.56,44.31,45.49,47.45,48.96,52.6,53.92,52.88,51.51,52.26,56.17,57.44,56.61,62.78,57.23,57.63,55.82,55.89,53.31,52.69
AZE,Azerbaijan,Climate Watch,Total including LULUCF,All GHG,MtCO₂e,53.1,50.86,48.41,44.63,46.58,44.97,43.73,44.53,46.31,46.98,46.06,45.34,42.57,41.72,43.23,47.86,43.49,44.7,42.42,39.42,39.32,36.62,36.59,37.33,35.5,35.27,34.61,35.01,40.45,41.42,70.07,104.57,99.55,103.97
PRT,Portugal,Climate Watch,Total including LULUCF,All GHG,MtCO₂e,51.44,53.58,52.81,60.05,65.69,70.3,75.15,69.77,65.82,61.94,62.41,64.18,65.95,67.39,72.99,73.68,75.71,77.17,82.57,78.83,77.49,81.91,77.41,77.7,78.01,71.2,66.11,63.79,65.28,61.71,59.9,61.07,57.12,55.42
ZWE,Zimbabwe,Climate Watch,Total including LULUCF,All GHG,MtCO₂e,50.42,48.33,45.64,43.75,46.48,46.0,44.33,44.77,49.02,47.33,49.18,49.7,53.51,62.6,59.57,58.86,60.71,60.09,61.44,61.05,61.14,63.76,67.32,66.51,73.13,70.68,69.29,70.09,67.93,68.03,68.54,71.99,70.91,70.62
GIN,Guinea,Climate Watch,Total including LULUCF,All GHG,MtCO₂e,50.33,50.59,48.15,47.82,46.71,45.47,45.21,44.63,42.1,41.78,41.21,41.13,39.86,38.64,36.17,35.73,35.06,34.75,34.39,32.92,32.95,32.59,31.46,30.94,30.61,31.15,29.75,29.42,29.98,29.66,29.2,28.78,28.35,28.06
NOR,Norway,Climate Watch,Total including LULUCF,All GHG,MtCO₂e,49.47,51.03,51.64,42.34,43.98,45.36,45.96,46.29,36.06,35.34,35.49,34.77,35.16,32.13,29.96,30.8,30.33,29.92,29.53,30.58,30.27,28.12,28.74,36.27,41.84,39.8,38.55,36.78,36.79,37.0,34.97,32.47,32.2,35.24
GTM,Guatemala,Climate Watch,Total including LULUCF,All GHG,MtCO₂e,49.11,46.34,47.31,44.85,46.2,44.83,42.93,43.33,42.76,39.64,38.57,37.17,36.44,48.14,48.32,46.41,47.64,45.65,46.69,43.9,45.38,43.06,41.17,48.52,46.19,47.29,43.51,43.23,42.9,41.83,41.68,41.08,39.82,39.46
NER,Niger,Climate Watch,Total including LULUCF,All GHG,MtCO₂e,45.64,46.18,44.01,42.48,40.5,38.68,36.92,35.66,34.13,33.12,31.57,29.49,27.55,26.93,26.99,25.74,24.65,23.56,22.76,21.94,21.12,20.28,19.57,23.36,23.51,22.98,22.1,21.21,20.49,19.93,19.45,18.81,18.35,17.92
DOM,Dominican Republic,Climate Watch,Total including LULUCF,All GHG,MtCO₂e,45.31,43.29,42.33,40.25,41.69,38.97,36.53,37.29,35.31,32.97,32.74,33.06,32.34,36.94,35.21,35.33,34.8,33.18,30.88,29.2,29.48,31.43,28.63,27.2,26.52,25.97,23.98,22.36,21.5,21.04,19.05,18.5,17.02,15.87
CHE,Switzerland,Climate Watch,Total including LULUCF,All GHG,MtCO₂e,43.15,43.85,47.0,45.37,47.86,48.13,49.47,50.38,48.5,49.24,53.11,52.04,50.75,53.73,52.09,53.67,52.58,54.53,54.87,54.17,53.69,52.59,54.2,50.93,51.69,51.56,50.11,51.59,50.98,50.08,51.02,53.35,53.48,51.28
NPL,Nepal,Climate Watch,Total including LULUCF,All GHG,MtCO₂e,43.03,48.01,55.89,54.32,51.96,52.04,49.69,49.53,45.47,46.55,45.41,43.53,43.8,39.44,37.77,36.02,34.74,33.79,34.48,33.57,33.51,31.94,32.66,31.82,31.42,30.0,29.15,28.59,28.58,27.68,26.1,25.98,25.06,25.23
TUN,Tunisia,Climate Watch,Total including LULUCF,All GHG,MtCO₂e,43.0,44.6,45.34,42.82,43.18,43.69,43.36,42.86,50.47,50.7,49.13,48.48,45.9,40.27,38.05,37.59,37.07,35.31,34.05,33.3,31.72,31.58,31.37,30.38,29.22,28.13,26.77,26.32,24.77,24.53,25.04,24.69,23.07,22.51
SRB,Serbia,Climate Watch,Total including LULUCF,All GHG,MtCO₂e,42.17,43.53,42.23,45.7,44.43,44.18,45.69,44.91,41.31,34.49,42.74,42.27,46.91,42.82,42.42,45.18,46.81,47.75,45.22,52.58,47.06,43.7,40.01,51.37,49.42,67.83,68.07,63.12,55.49,49.02,52.66,58.46,63.75,74.21
PNG,Papua New Guinea,Climate Watch,Total including LULUCF,All GHG,MtCO₂e,41.08,40.77,39.88,46.95,46.04,45.41,45.14,45.14,39.28,34.89,31.66,31.32,31.57,38.62,38.75,38.61,39.01,39.24,39.28,40.41,39.18,39.0,38.24,37.87,36.78,35.61,49.98,34.85,35.04,33.41,33.43,32.18,31.25,32.54
DNK,Denmark,Climate Watch,Total including LULUCF,All GHG,MtCO₂e,38.04,40.64,42.36,42.86,45.11,48.81,49.09,51.43,47.1,49.22,53.38,51.91,56.89,64.13,63.92,66.6,70.07,74.74,67.0,70.68,76.79,71.32,72.14,70.82,74.69,77.68,81.64,91.45,78.11,81.19,77.59,75.08,81.21,70.43
CUB,Cuba,Climate Watch,Total including LULUCF,All GHG,MtCO₂e,37.23,39.78,39.89,30.05,34.02,35.99,35.65,36.94,40.15,38.25,40.41,40.14,39.17,25.17,24.08,23.12,23.8,22.96,22.01,21.99,22.69,25.03,26.08,37.83,37.54,37.22,37.76,35.64,33.1,32.13,30.3,33.41,39.17,47.98
LKA,Sri Lanka,Climate Watch,Total including LULUCF,All GHG,MtCO₂e,36.18,37.41,39.7,37.39,37.77,35.42,36.04,37.23,37.13,34.73,32.3,35.2,33.4,30.74,29.3,29.97,29.56,28.58,30.03,27.9,27.72,26.33,25.46,26.48,27.13,27.6,30.06,31.89,31.88,33.82,29.91,26.7,21.8,22.28
JOR,Jordan,Climate Watch,Total including LULUCF,All GHG,MtCO₂e,35.73,33.13,31.02,29.66,31.68,33.24,34.23,32.61,32.81,32.84,30.9,31.04,27.48,26.92,27.27,26.64,27.41,26.26,25.86,24.27,22.78,22.19,21.34,21.17,20.83,21.95,22.95,23.63,24.6,25.16,21.84,18.95,13.9,13.89
URY,Uruguay,Climate Watch,Total including LULUCF,All GHG,MtCO₂e,35.49,35.24,36.17,36.02,37.94,37.64,37.87,38.71,27.56,27.7,28.24,29.28,28.63,28.98,31.52,32.0,29.37,30.44,28.28,28.1,26.24,25.34,24.91,26.79,28.75,27.72,27.42,27.76,26.44,26.25,26.38,25.83,24.17,22.53
YEM,Yemen,Climate Watch,Total including LULUCF,All GHG,MtCO₂e,34.13,38.71,39.9,39.55,39.96,36.3,31.36,25.52,31.26,58.78,62.01,52.35,58.22,66.33,65.7,62.88,64.95,65.49,64.26,61.36,61.85,58.0,57.87,56.96,51.92,47.58,45.95,43.49,42.77,41.15,31.19,27.33,26.96,25.08
SOM,Somalia,Climate Watch,Total including LULUCF,All GHG,MtCO₂e,33.97,33.77,33.66,212.49,212.15,211.79,211.46,211.38,63.34,63.16,62.89,62.71,62.31,44.65,44.35,44.22,44.09,45.17,46.43,45.82,45.4,45.05,44.58,43.92,43.57,43.33,43.34,42.8,42.19,41.47,39.41,37.32,39.35,42.47
SEN,Senegal,Climate Watch,Total including LULUCF,All GHG,MtCO₂e,33.5,33.99,32.44,30.25,29.33,28.33,27.9,27.75,25.47,24.87,24.28,23.3,23.86,23.02,22.04,21.31,20.38,20.26,19.74,19.35,17.64,18.67,19.32,22.39,22.49,20.24,18.95,18.38,16.7,16.28,15.75,15.23,14.39,14.14
SVK,Slovakia,Climate Watch,Total including LULUCF,All GHG,MtCO₂e,32.59,33.51,36.19,33.45,35.59,37.58,38.28,36.3,29.38,29.09,31.74,31.23,33.27,34.16,32.45,35.97,36.05,37.0,37.52,36.79,37.48,37.32,38.0,36.41,39.07,40.56,41.77,41.94,41.99,41.51,44.4,47.11,49.72,57.76
AFG,Afghanistan,Climate Watch,Total including LULUCF,All GHG,MtCO₂e,31.52,31.08,30.56,31.81,30.92,30.74,29.59,28.95,29.9,29.82,29.54,30.34,32.1,28.49,24.22,21.49,18.51,17.78,17.32,16.09,16.47,15.69,12.83,14.68,16.6,15.62,14.75,13.73,12.61,12.17,12.03,11.76,12.2,13.65
BEN,Benin,Climate Watch,Total including LULUCF,All GHG,MtCO₂e,30.37,28.42,27.74,30.12,29.9,29.45,28.19,28.0,51.92,51.5,51.02,50.34,50.42,51.86,51.65,50.97,51.25,50.5,50.17,48.96,48.8,48.75,47.67,3.58,3.46,3.54,2.44,2.09,0.36,0.57,0.28,0.2,0.06,-0.04
BGR,Bulgaria,Climate Watch,Total including LULUCF,All GHG,MtCO₂e,27.78,39.32,35.31,26.33,31.45,33.31,36.67,34.52,43.91,41.48,38.83,43.95,49.55,32.33,30.56,37.98,40.4,36.21,36.11,36.05,37.22,32.06,34.35,33.85,34.35,41.03,44.55,47.59,46.89,45.49,49.42,50.9,56.59,73.57
NIC,Nicaragua,Climate Watch,Total including LULUCF,All GHG,MtCO₂e,26.32,24.84,24.44,24.05,24.31,23.88,24.01,24.16,23.83,22.91,21.98,21.69,21.35,35.25,34.82,34.77,34.88,34.72,34.55,33.96,34.52,33.36,32.9,32.89,32.32,31.72,30.74,29.87,29.9,30.58,30.21,29.44,28.42,29.86
PAN,Panama,Climate Watch,Total including LULUCF,All GHG,MtCO₂e,25.04,23.57,22.11,21.0,25.13,20.59,19.47,19.88,20.7,20.81,20.33,20.4,19.89,20.39,19.32,17.57,17.72,17.66,17.12,15.43,15.45,15.14,15.88,15.98,16.08,16.97,15.94,16.04,16.08,15.91,15.52,15.16,14.31,13.84
LBR,Liberia,Climate Watch,Total including LULUCF,All GHG,MtCO₂e,24.55,24.57,24.45,58.74,59.17,58.5,58.62,58.66,68.37,67.61,67.35,67.37,67.3,23.38,24.13,23.13,23.15,23.38,23.07,23.01,22.97,22.82,22.79,0.92,0.88,0.99,0.91,0.87,0.97,0.96,0.96,0.97,0.93,1.05
LTU,Lithuania,Climate Watch,Total including LULUCF,All GHG,MtCO₂e,24.49,24.88,25.71,23.12,23.17,23.03,23.2,23.28,19.6,19.31,19.66,20.45,20.21,27.1,25.89,27.73,28.09,27.61,27.37,26.43,25.67,25.52,25.17,25.48,27.3,30.12,29.35,29.62,29.07,30.7,32.57,38.61,52.68,50.95
TTO,Trinidad and Tobago,Climate Watch,Total including LULUCF,All GHG,MtCO₂e,24.39,24.43,23.43,25.48,27.9,28.27,28.36,28.32,32.02,33.01,33.09,32.11,32.82,32.02,28.85,29.78,29.96,29.32,25.84,23.58,22.44,18.56,16.73,15.02,14.24,13.87,13.66,13.36,12.34,12.82,17.09,22.48,22.84,23.42
BWA,Botswana,Climate Watch,Total including LULUCF,All GHG,MtCO₂e,23.66,20.55,22.1,13.33,10.65,13.54,15.98,11.72,12.97,13.5,14.73,15.83,29.11,23.91,11.34,21.43,12.05,13.57,11.64,10.07,9.65,17.76,17.39,14.57,14.97,14.98,15.26,15.71,14.71,13.82,13.54,13.81,13.48,14.27
BIH,Bosnia and Herzegovina,Climate Watch,Total including LULUCF,All GHG,MtCO₂e,22.56,24.31,23.91,26.89,26.88,28.6,28.46,27.99,21.69,21.46,23.99,24.39,26.08,21.13,21.08,21.14,19.15,18.06,16.25,15.54,14.41,14.08,13.95,9.3,5.49,5.33,2.63,-2.05,-2.84,-2.69,7.74,11.05,16.84,19.56
MWI,Malawi,Climate Watch,Total including LULUCF,All GHG,MtCO₂e,21.74,20.32,19.85,20.06,19.35,18.38,16.61,16.58,16.15,15.79,15.3,15.25,14.76,14.84,13.67,13.86,13.3,12.76,12.86,12.53,12.7,12.19,11.87,11.78,11.81,11.81,11.58,11.7,11.65,11.44,11.81,11.68,11.68,11.51
GAB,Gabon,Climate Watch,Total including LULUCF,All GHG,MtCO₂e,20.54,20.42,19.73,20.34,20.8,19.84,20.63,21.91,25.18,24.99,24.56,24.4,24.96,18.5,17.59,17.8,16.95,18.01,19.61,20.15,20.55,18.99,19.59,22.86,23.37,24.41,23.06,23.34,22.22,20.82,19.87,19.68,19.61,18.44
HRV,Croatia,Climate Watch,Total including LULUCF,All GHG,MtCO₂e,20.44,19.49,19.17,17.84,18.62,18.46,19.54,18.73,21.81,21.16,21.85,22.84,24.73,25.65,26.16,28.5,29.31,27.79,27.1,26.83,26.88,25.47,24.21,23.04,23.51,22.59,22.08,20.72,20.21,19.8,20.65,20.9,21.61,27.82
GUY,Guyana,Climate Watch,Total including LULUCF,All GHG,MtCO₂e,19.42,18.33,17.12,18.88,17.91,17.56,17.45,17.31,20.06,19.96,19.72,19.55,19.32,11.61,11.34,11.3,11.16,10.84,11.05,11.4,11.14,10.84,10.96,10.19,10.54,10.56,10.42,10.13,9.87,9.15,8.85,8.03,8.02,7.94
KGZ,Kyrgyzstan,Climate Watch,Total including LULUCF,All GHG,MtCO₂e,19.28,19.04,18.76,15.31,15.97,17.07,14.75,14.53,16.24,15.91,15.52,15.95,13.26,13.82,14.57,14.75,13.27,12.11,12.18,12.07,11.54,10.39,9.02,8.45,8.36,9.57,9.32,9.6,8.82,11.64,16.27,20.83,28.12,30.61
EST,Estonia,Climate Watch,Total including LULUCF,All GHG,MtCO₂e,18.86,22.3,20.72,19.1,22.16,27.8,28.81,27.88,14.27,17.4,18.77,16.8,18.28,23.24,18.76,22.26,24.52,20.83,21.48,21.57,21.32,19.42,19.85,19.16,19.6,20.18,21.51,21.93,21.14,23.18,23.19,28.52,37.93,40.9
TJK,Tajikistan,Climate Watch,Total including LULUCF,All GHG,MtCO₂e,18.72,18.53,18.05,17.68,17.18,15.82,14.42,13.3,12.43,11.84,10.27,9.86,9.04,9.58,9.53,9.92,10.06,9.1,8.53,8.59,7.66,8.09,7.62,8.1,8.31,8.66,8.8,8.51,9.41,10.35,13.26,17.57,17.73,18.8
LBN,Lebanon,Climate Watch,Total including LULUCF,All GHG,MtCO₂e,18.32,16.2,22.28,27.3,32.37,32.71,34.39,32.77,31.63,29.62,27.51,29.09,26.55,25.97,26.82,23.36,19.5,20.5,21.39,21.87,21.22,20.44,20.37,18.89,20.08,19.12,18.79,16.59,15.57,13.27,12.07,8.4,8.07,6.59
LVA,Latvia,Climate Watch,Total including LULUCF,All GHG,MtCO₂e,17.24,17.31,17.97,9.31,9.9,10.06,9.6,9.64,8.93,8.91,9.03,9.12,9.34,1.85,0.7,1.44,1.71,1.27,0.75,0.59,0.6,0.3,0.25,0.95,1.53,2.08,2.49,3.04,3.04,4.62,7.68,10.92,13.6,15.3
CRI,Costa Rica,Climate Watch,Total including LULUCF,All GHG,MtCO₂e,16.97,15.3,15.68,13.4,14.74,14.74,14.48,14.27,8.64,8.68,8.74,8.25,8.26,12.48,12.31,12.68,12.51,11.07,10.68,10.13,10.09,9.71,9.69,6.91,7.1,7.28,6.57,6.56,6.74,7.17,6.8,6.69,5.55,5.24
COG,Congo,Climate Watch,Total including LULUCF,All GHG,MtCO₂e,16.56,17.02,15.16,36.73,37.16,36.08,33.25,32.91,30.32,29.96,30.66,29.48,32.08,27.71,25.49,24.22,23.65,26.5,24.64,22.33,21.57,19.84,22.66,23.4,23.18,22.6,20.98,20.18,19.77,18.83,20.02,20.64,20.33,20.49
SUR,Suriname,Climate Watch,Total including LULUCF,All GHG,MtCO₂e,16.19,16.48,16.38,13.96,14.01,13.42,13.77,14.29,7.59,7.49,7.11,7.26,6.81,6.13,5.82,5.73,5.58,5.71,5.81,5.59,5.24,4.99,5.57,0.61,-0.94,-0.78,-0.79,-0.72,-0.81,-0.88,-0.88,-0.86,-0.96,-1.02
GEO,Georgia,Climate Watch,Total including LULUCF,All GHG,MtCO₂e,15.2,15.16,13.53,14.22,14.21,13.37,13.79,13.9,12.53,12.25,11.52,10.86,9.69,6.25,5.95,6.55,7.72,6.79,4.95,4.54,4.6,4.02,4.51,8.95,9.07,9.8,10.85,12.16,14.2,16.81,23.45,28.14,34.38,42.97
MRT,Mauritania,Climate Watch,Total including LULUCF,All GHG,MtCO₂e,15.16,14.79,14.72,14.32,13.83,13.33,13.18,12.89,13.36,12.44,11.92,11.83,11.27,10.98,10.5,9.52,10.38,10.28,9.62,9.63,9.7,9.61,9.45,9.19,8.82,8.28,7.9,7.59,7.03,6.88,6.96,6.71,6.8,6.56
SLV,El Salvador,Climate Watch,Total including LULUCF,All GHG,MtCO₂e,14.43,13.47,12.71,11.56,12.89,12.03,11.67,12.52,12.78,12.34,12.09,12.89,12.7,13.62,13.87,14.2,14.71,14.19,13.64,13.22,12.83,12.24,11.94,11.25,12.21,11.98,11.86,11.02,11.06,10.79,10.07,9.48,8.88,8.09
SVN,Slovenia,Climate Watch,Total including LULUCF,All GHG,MtCO₂e,14.19,14.88,15.25,16.88,18.02,18.53,18.69,18.53,19.61,19.52,21.02,21.65,22.27,9.45,9.17,11.15,10.16,10.22,9.91,9.68,9.48,9.52,9.47,8.51,8.69,9.34,9.59,9.12,8.31,7.48,7.44,6.73,7.08,8.07
NAM,Namibia,Climate Watch,Total including LULUCF,All GHG,MtCO₂e,13.16,12.27,13.63,13.0,10.34,11.3,12.14,12.07,11.23,10.99,11.8,19.21,17.65,12.44,13.63,10.53,12.04,12.79,11.47,10.61,10.11,9.5,10.65,21.5,20.73,20.7,19.99,20.15,20.12,20.01,19.72,19.76,19.81,N/A
MDA,Moldova,Climate Watch,Total including LULUCF,All GHG,MtCO₂e,12.75,12.58,14.27,13.25,13.83,13.63,13.05,13.09,12.3,12.2,11.65,12.55,12.88,12.13,11.14,11.84,11.91,11.65,12.01,11.64,11.65,11.05,10.89,11.35,12.21,13.81,15.32,17.03,18.96,21.06,24.16,27.68,32.67,38.73
BRN,Brunei,Climate Watch,Total including LULUCF,All GHG,MtCO₂e,11.74,11.52,12.35,12.81,10.56,10.62,10.47,9.98,9.34,10.16,10.21,10.45,10.52,11.19,11.96,12.28,11.22,11.74,8.99,9.11,9.7,8.52,8.55,8.59,8.13,12.5,8.99,8.34,8.18,7.78,7.42,6.89,6.5,6.28
GNQ,Equatorial Guinea,Climate Watch,Total including LULUCF,All GHG,MtCO₂e,11.7,12.13,12.2,13.03,13.26,13.92,14.34,15.58,16.55,17.66,17.85,17.9,18.02,19.08,18.58,20.77,21.26,20.34,20.5,19.91,15.31,13.94,14.93,12.26,12.92,11.18,9.71,8.41,9.68,11.39,10.62,12.61,4.29,4.11
MKD,North Macedonia,Climate Watch,Total including LULUCF,All GHG,MtCO₂e,11.57,11.75,11.04,9.92,11.06,10.16,10.67,10.15,8.96,9.22,9.56,10.49,10.93,13.91,14.02,14.7,14.91,14.4,14.39,14.1,14.34,13.57,14.16,11.97,12.27,13.19,12.43,13.57,11.99,12.07,12.23,11.89,12.36,12.7
SLE,Sierra Leone,Climate Watch,Total including LULUCF,All GHG,MtCO₂e,10.92,10.4,10.94,9.73,9.54,10.5,9.91,9.96,10.02,9.96,9.58,9.44,8.6,8.07,8.04,7.73,7.95,8.74,7.64,7.49,7.15,6.57,6.12,5.9,5.91,6.19,6.09,6.07,6.36,6.49,6.49,6.36,6.3,6.32
ARM,Armenia,Climate Watch,Total including LULUCF,All GHG,MtCO₂e,10.66,11.05,10.72,9.32,8.69,8.25,8.28,8.3,9.05,9.26,9.23,9.32,8.16,7.69,7.87,9.03,8.53,7.87,7.5,6.77,6.38,5.95,6.28,6.21,5.9,6.48,6.56,5.91,7.04,6.5,9.03,15.2,25.52,24.93
JAM,Jamaica,Climate Watch,Total including LULUCF,All GHG,MtCO₂e,10.33,10.5,9.59,10.3,11.24,11.05,9.86,9.49,9.0,9.11,9.32,8.86,9.4,6.47,6.95,8.87,11.13,10.82,9.75,10.1,10.19,9.76,9.57,12.5,12.35,12.04,11.47,11.32,10.97,10.62,10.52,10.26,9.33,9.34
HTI,Haiti,Climate Watch,Total including LULUCF,All GHG,MtCO₂e,9.34,10.21,10.88,10.89,10.99,11.81,11.24,11.12,11.58,11.23,10.82,10.55,10.75,9.82,9.27,9.23,9.18,8.76,8.69,8.57,8.71,8.67,8.39,7.98,7.46,7.32,7.17,6.73,6.44,5.64,5.99,6.36,5.91,5.67
TGO,Togo,Climate Watch,Total including LULUCF,All GHG,MtCO₂e,8.83,8.87,8.25,8.94,8.19,7.82,7.43,7.81,7.28,6.55,7.08,7.21,7.64,7.19,7.39,5.87,5.55,5.86,6.39,5.51,5.72,5.06,4.62,5.04,5.58,5.16,4.22,4.5,3.88,3.92,3.65,3.79,4.1,4.27
ALB,Albania,Climate Watch,Total including LULUCF,All GHG,MtCO₂e,8.56,8.96,9.82,8.69,9.23,9.65,9.83,9.03,12.27,12.59,12.12,11.87,12.39,10.53,10.05,9.82,10.15,10.06,10.06,10.27,10.12,9.69,9.06,8.2,7.79,6.54,6.3,7.02,7.26,7.28,6.28,6.16,8.1,10.44
CYP,Cyprus,Climate Watch,Total including LULUCF,All GHG,MtCO₂e,8.15,8.24,8.18,8.05,8.43,8.4,8.55,8.36,7.89,7.81,7.42,8.11,8.65,8.96,9.29,9.48,9.26,8.94,8.81,8.7,8.75,8.08,7.85,8.12,7.85,7.58,7.25,7.16,6.76,6.87,6.62,6.34,5.91,5.37
BDI,Burundi,Climate Watch,Total including LULUCF,All GHG,MtCO₂e,8.09,8.33,8.1,6.98,7.45,7.11,6.96,6.34,1.04,1.06,1.11,0.71,0.65,5.4,5.13,4.99,4.88,4.83,4.7,4.63,4.58,4.59,4.61,6.73,6.69,6.6,6.67,6.61,6.59,6.42,6.53,6.56,6.56,6.52
LUX,Luxembourg,Climate Watch,Total including LULUCF,All GHG,MtCO₂e,7.78,8.11,9.25,8.62,10.29,10.11,9.83,9.65,9.97,10.48,11.0,11.51,11.74,11.59,10.99,11.58,11.66,12.24,12.45,12.21,10.76,10.35,9.58,8.97,8.33,7.94,8.62,9.12,9.03,11.18,12.02,11.81,12.12,11.63
ERI,Eritrea,Climate Watch,Total including LULUCF,All GHG,MtCO₂e,7.61,7.53,7.45,7.43,7.35,7.29,7.17,7.12,7.04,7.03,6.99,6.97,6.9,6.57,6.64,6.59,6.64,6.33,6.52,6.53,6.58,6.42,6.46,6.77,6.66,6.48,6.67,6.15,5.59,5.45,5.27,5.69,4.62,4.62
MUS,Mauritius,Climate Watch,Total including LULUCF,All GHG,MtCO₂e,7.17,6.82,6.73,6.44,6.86,6.77,6.77,6.58,6.44,6.42,6.23,6.16,6.05,6.14,5.88,5.9,5.81,5.69,5.01,4.81,4.77,4.57,4.57,4.21,3.86,3.34,3.06,2.95,2.78,2.71,2.62,2.46,2.36,2.27
BLZ,Belize,Climate Watch,Total including LULUCF,All GHG,MtCO₂e,6.13,5.93,5.97,6.12,6.12,5.92,5.99,5.95,6.96,6.7,6.84,6.61,7.16,5.17,5.12,5.02,5.12,4.92,4.93,4.75,5.22,4.91,4.82,5.36,6.48,7.75,8.87,10.0,11.3,12.53,12.37,12.22,12.11,11.87
BTN,Bhutan,Climate Watch,Total including LULUCF,All GHG,MtCO₂e,6.12,5.94,5.92,1.85,2.21,2.35,2.32,2.21,1.42,1.3,1.19,1.13,0.94,-2.6,-2.87,-2.86,-3.09,-3.16,-3.13,-3.25,-3.22,-3.24,-3.25,-3.27,-3.21,-3.27,-3.28,-3.36,-3.4,-3.49,-3.53,-3.5,-3.49,-3.35
ATG,Antigua and Barbuda,Climate Watch,Total including LULUCF,All GHG,MtCO₂e,4.67,4.32,3.97,3.61,3.6,3.55,3.51,3.47,3.41,3.34,3.28,3.22,3.16,3.12,2.89,2.62,2.35,2.08,1.79,1.63,1.49,1.34,1.19,1.21,1.09,0.97,0.85,0.73,0.61,0.58,0.54,0.5,0.47,0.43
GMB,Gambia,Climate Watch,Total including LULUCF,All GHG,MtCO₂e,4.22,4.04,3.84,3.93,3.94,3.76,3.9,3.96,4.04,3.82,3.69,3.61,3.52,3.87,3.81,3.42,3.26,3.2,3.11,3.05,2.94,2.84,2.86,3.2,3.83,4.14,4.67,5.26,5.81,6.34,6.86,6.66,6.44,6.26
LSO,Lesotho,Climate Watch,Total including LULUCF,All GHG,MtCO₂e,4.1,4.66,4.47,3.21,3.71,3.87,4.12,3.69,3.74,3.98,3.87,4.68,4.65,3.89,3.85,3.73,3.77,3.68,3.73,3.53,3.57,3.5,3.67,3.66,3.73,3.24,3.36,3.24,3.23,3.31,3.28,3.27,3.06,3.01
BRB,Barbados,Climate Watch,Total including LULUCF,All GHG,MtCO₂e,3.97,3.94,3.8,3.86,3.98,4.01,3.94,3.9,3.85,3.88,4.05,4.05,4.11,4.03,4.14,4.16,3.87,3.84,3.79,3.74,3.68,3.62,3.63,3.64,3.64,3.55,3.75,3.63,3.57,3.53,3.41,3.43,3.47,3.43
TLS,East Timor,Climate Watch,Total including LULUCF,All GHG,MtCO₂e,3.61,3.57,4.94,5.49,5.2,5.16,5.1,5.43,6.28,5.54,5.89,6.02,5.81,5.8,6.26,6.3,5.68,5.2,2.88,1.39,2.38,2.87,2.42,1.78,1.18,1.18,1.1,1.1,1.07,1.05,0.97,0.94,0.94,0.86
MNE,Montenegro,Climate Watch,Total including LULUCF,All GHG,MtCO₂e,3.58,3.47,3.39,3.37,3.45,3.36,3.15,3.01,3.23,3.07,3.12,3.22,3.41,-3.27,-4.13,-3.03,-3.46,-3.42,-3.65,-5.63,-5.74,-6.07,-6.06,-1.78,-1.7,-1.65,-1.64,-1.65,-1.66,-1.71,-1.69,-1.69,-1.54,-1.5
GNB,Guinea-Bissau,Climate Watch,Total including LULUCF,All GHG,MtCO₂e,3.57,3.62,3.54,3.7,3.54,3.37,3.23,3.27,3.59,3.38,3.31,3.58,3.02,3.13,3.03,3.08,3.3,3.39,2.93,2.95,3.06,3.03,2.82,2.57,2.86,2.48,2.23,2.16,2.47,2.42,2.38,2.34,2.3,2.29
SWZ,Eswatini,Climate Watch,Total including LULUCF,All GHG,MtCO₂e,3.54,3.41,3.34,3.27,3.47,3.29,3.31,3.38,3.37,3.41,3.4,3.23,3.22,3.28,3.54,3.7,3.79,3.52,3.6,3.63,3.6,3.59,3.5,3.68,3.9,3.9,3.77,3.74,4.0,4.05,3.3,3.61,3.76,3.76
ISL,Iceland,Climate Watch,Total including LULUCF,All GHG,MtCO₂e,3.35,3.38,3.35,3.25,3.43,3.51,3.46,3.45,3.86,3.76,3.79,3.63,3.66,3.91,4.03,4.35,4.48,4.45,4.01,4.08,4.04,4.08,4.0,4.17,4.13,4.15,4.04,4.09,3.8,3.89,3.8,3.83,4.02,4.13
BHS,Bahamas,Climate Watch,Total including LULUCF,All GHG,MtCO₂e,3.11,3.15,2.94,2.27,2.74,2.66,2.81,2.47,2.44,2.25,2.26,2.22,2.35,2.42,2.36,2.13,2.01,2.0,2.06,2.23,2.17,2.15,2.1,2.3,2.29,2.25,1.84,2.04,2.01,1.93,1.91,2.03,2.17,2.1
MDV,Maldives,Climate Watch,Total including LULUCF,All GHG,MtCO₂e,2.86,2.7,2.47,2.12,2.43,2.14,1.89,1.78,1.6,1.64,1.4,1.4,1.26,1.2,1.14,1.07,1.0,0.95,0.79,0.84,0.66,0.74,0.59,0.56,0.52,0.4,0.42,0.35,0.32,0.26,0.25,0.26,0.19,0.19
MLT,Malta,Climate Watch,Total including LULUCF,All GHG,MtCO₂e,2.45,2.43,2.27,2.23,2.25,2.13,2.09,1.85,2.13,2.81,2.8,3.14,2.96,2.97,2.89,3.09,3.15,3.06,3.0,2.94,2.94,2.63,2.8,2.43,2.7,2.65,2.75,2.58,2.64,2.77,3.06,2.42,2.44,2.54
DJI,Djibouti,Climate Watch,Total including LULUCF,All GHG,MtCO₂e,1.66,1.64,1.64,1.53,1.61,1.53,1.46,1.45,1.54,1.44,1.39,1.3,1.3,1.49,1.41,1.43,1.41,1.37,1.36,1.32,1.33,1.3,1.27,1.25,1.27,1.23,1.15,1.11,1.08,1.02,0.99,0.97,0.95,0.94
VUT,Vanuatu,Climate Watch,Total including LULUCF,All GHG,MtCO₂e,1.21,1.11,1.13,1.12,1.08,1.1,1.09,1.13,1.21,1.29,1.24,1.24,1.25,1.23,1.22,1.22,1.2,1.12,1.12,1.1,1.1,1.08,1.08,1.12,1.13,1.12,1.12,1.12,1.11,1.11,1.1,1.08,1.06,1.05
SYC,Seychelles,Climate Watch,Total including LULUCF,All GHG,MtCO₂e,1.08,1.06,1.03,0.83,0.82,0.81,0.77,0.76,0.76,0.71,0.66,0.66,0.64,0.68,0.67,0.64,0.61,0.59,0.57,0.57,0.52,0.52,0.48,0.44,0.46,0.44,0.42,0.38,0.34,0.33,0.3,0.28,0.27,0.24
SLB,Solomon Islands,Climate Watch,Total including LULUCF,All GHG,MtCO₂e,0.89,0.88,0.89,0.89,0.9,0.9,0.89,0.89,0.89,0.93,0.98,0.94,0.94,0.93,0.92,0.9,0.89,0.88,0.87,0.86,0.84,0.82,0.81,1.0,0.79,0.78,0.77,0.77,0.76,0.75,0.74,0.73,0.72,0.71
CPV,Cabo Verde,Climate Watch,Total including LULUCF,All GHG,MtCO₂e,0.74,0.74,0.72,0.64,0.75,0.69,0.69,0.66,0.63,0.63,0.63,0.65,0.69,0.66,0.63,0.58,0.58,0.64,0.56,0.55,0.53,0.5,0.47,0.46,0.45,0.4,0.37,0.36,0.37,0.28,0.3,0.3,0.27,0.27
COM,Comoros,Climate Watch,Total including LULUCF,All GHG,MtCO₂e,0.62,0.67,0.64,0.57,0.51,0.47,0.45,0.39,0.39,0.37,0.39,0.36,0.35,0.37,0.35,0.32,0.32,0.38,0.4,0.37,0.35,0.33,0.33,0.3,0.31,0.29,0.28,0.28,0.27,0.27,0.27,0.26,0.26,0.33
FJI,Fiji,Climate Watch,Total including LULUCF,All GHG,MtCO₂e,0.52,0.15,-0.17,0.1,0.31,0.17,0.17,0.0,0.12,-0.17,0.22,0.08,0.11,-0.45,-0.77,-0.67,-0.39,-0.33,-0.45,-0.08,-0.38,-0.52,-0.33,-0.87,-0.9,-0.86,-0.83,-0.81,-0.86,-0.93,-1.07,-1.13,-1.18,-1.2
WSM,Samoa,Climate Watch,Total including LULUCF,All GHG,MtCO₂e,0.51,0.49,0.53,0.47,0.5,0.52,0.53,0.54,0.56,0.52,0.51,0.5,0.5,0.47,0.44,0.42,0.44,0.44,0.44,0.44,0.43,0.43,0.42,0.39,0.38,0.39,0.36,0.37,0.35,0.34,0.35,0.33,0.33,0.32
GRD,Grenada,Climate Watch,Total including LULUCF,All GHG,MtCO₂e,0.43,0.41,0.39,0.36,0.4,0.38,0.36,0.34,0.32,0.3,0.36,0.34,0.32,0.33,0.32,0.32,0.29,0.28,0.27,0.25,0.26,0.25,0.24,0.23,0.24,0.23,0.21,0.2,0.18,2.13,0.16,0.15,0.15,0.14
AND,Andorra,Climate Watch,Total including LULUCF,All GHG,MtCO₂e,0.35,0.35,0.34,0.53,0.64,0.65,0.62,0.61,0.59,0.59,0.6,0.61,0.61,0.62,0.62,0.65,0.65,0.65,0.66,0.63,0.59,0.58,0.56,0.6,0.59,0.56,0.54,0.52,0.49,0.47,0.47,0.46,0.46,0.46
LCA,Saint Lucia,Climate Watch,Total including LULUCF,All GHG,MtCO₂e,0.35,0.34,0.33,0.26,0.28,0.29,0.29,0.27,0.22,0.22,0.22,0.22,0.21,0.33,0.26,0.26,0.26,0.24,0.22,0.22,0.2,0.17,0.18,0.2,0.32,0.42,0.5,0.61,0.71,0.81,0.01,-0.01,-0.03,-0.05
VCT,Saint Vincent and the Grenadines,Climate Watch,Total including LULUCF,All GHG,MtCO₂e,0.3,0.29,0.28,0.3,0.28,0.3,0.27,0.3,0.28,0.3,0.26,0.28,0.26,0.27,0.33,0.27,0.28,0.26,0.26,0.33,0.31,0.3,0.3,0.28,0.29,0.28,0.24,0.23,0.23,0.22,0.21,0.18,0.18,0.17
KNA,Saint Kitts and Nevis,Climate Watch,Total including LULUCF,All GHG,MtCO₂e,0.29,0.29,0.27,0.28,0.29,0.28,0.27,0.27,0.26,0.26,0.26,0.25,0.27,0.26,0.26,0.26,0.26,0.24,0.23,0.25,0.23,0.23,0.22,0.21,0.2,0.19,0.17,0.17,0.16,0.21,0.14,0.14,0.14,0.14
DMA,Dominica,Climate Watch,Total including LULUCF,All GHG,MtCO₂e,0.27,0.26,0.25,0.25,0.27,0.26,0.27,0.28,0.31,0.3,0.29,0.3,0.28,0.26,0.28,0.26,0.27,0.24,0.23,0.22,0.19,0.17,0.21,0.21,0.19,0.2,0.2,0.19,0.22,0.22,0.14,0.14,0.14,0.14
TON,Tonga,Climate Watch,Total including LULUCF,All GHG,MtCO₂e,0.27,0.26,0.26,0.26,0.28,0.25,0.26,0.25,0.21,0.22,0.22,0.22,0.22,0.23,0.23,0.22,0.23,0.26,0.25,0.25,0.26,0.24,0.23,0.24,0.26,0.24,0.25,0.24,0.27,0.27,0.19,0.19,0.2,0.19
FSM,Micronesia,Climate Watch,Total including LULUCF,All GHG,MtCO₂e,0.22,0.22,0.22,0.22,0.22,0.22,0.21,0.21,0.22,0.21,0.21,0.2,0.19,0.16,0.21,0.17,0.19,0.17,0.18,0.2,0.22,0.21,0.23,0.25,0.26,0.27,0.26,0.25,0.24,0.22,0.2,0.19,0.05,0.01
STP,São Tomé and Principe,Climate Watch,Total including LULUCF,All GHG,MtCO₂e,0.19,0.18,0.18,0.18,0.18,0.18,0.19,0.18,0.38,0.37,0.35,0.35,0.34,0.15,0.14,0.14,0.13,0.13,0.12,0.12,0.11,0.1,0.09,0.09,0.09,0.09,0.09,0.09,0.09,0.08,0.08,0.08,0.08,0.08
PLW,Palau,Climate Watch,Total including LULUCF,All GHG,MtCO₂e,0.18,0.18,0.17,0.18,0.18,0.18,0.18,0.17,0.17,0.17,0.19,0.18,0.17,0.17,0.16,0.17,0.18,0.19,0.19,0.18,0.18,0.18,0.18,0.15,0.14,0.14,0.14,0.14,0.14,0.14,0.13,0.13,-0.07,0.0
MHL,Marshall Islands,Climate Watch,Total including LULUCF,All GHG,MtCO₂e,0.15,0.15,0.15,0.13,0.13,0.13,0.13,0.12,0.15,0.14,0.14,0.14,0.14,0.14,0.14,0.13,0.13,0.12,0.12,0.12,0.11,0.12,0.11,0.1,0.1,0.1,0.09,0.09,0.09,0.09,0.08,0.08,0.0,0.0
LIE,Liechtenstein,Climate Watch,Total including LULUCF,All GHG,MtCO₂e,0.13,0.12,0.14,0.15,0.16,0.16,0.17,0.16,0.17,0.17,0.2,0.2,0.19,0.22,0.23,0.25,0.23,0.26,0.26,0.26,0.26,0.25,0.24,0.24,0.25,0.25,0.24,0.22,0.22,0.22,0.23,0.22,0.22,0.22
COK,Cook Islands,Climate Watch,Total including LULUCF,All GHG,MtCO₂e,0.1,0.09,0.09,0.08,0.1,0.1,0.1,0.09,0.1,0.1,0.1,0.1,0.1,0.09,0.08,0.09,0.08,0.08,0.08,0.07,0.07,0.06,0.07,0.05,0.05,0.05,0.05,0.05,0.04,0.07,0.04,0.03,0.03,0.03
KIR,Kiribati,Climate Watch,Total including LULUCF,All GHG,MtCO₂e,0.09,0.09,0.09,0.09,0.09,0.09,0.09,0.07,0.07,0.07,0.08,0.07,0.07,0.07,0.06,0.06,0.07,0.07,0.06,0.06,0.05,0.05,0.04,0.05,0.04,0.04,0.04,0.04,0.04,0.05,0.04,0.03,0.03,0.03
NRU,Nauru,Climate Watch,Total including LULUCF,All GHG,MtCO₂e,0.06,0.06,0.06,0.06,0.06,0.06,0.06,0.05,0.06,0.05,0.05,0.04,0.04,0.05,0.05,0.05,0.05,0.05,0.07,0.07,0.08,0.09,0.09,0.1,0.1,0.11,0.11,0.11,0.11,0.12,0.12,0.12,0.13,0.13
TUV,Tuvalu,Climate Watch,Total including LULUCF,All GHG,MtCO₂e,0.02,0.02,0.02,0.02,0.02,0.02,0.02,0.02,0.02,0.02,0.02,0.02,0.02,0.02,0.02,0.02,0.02,0.02,0.02,0.02,0.02,0.02,0.02,0.01,0.01,0.02,0.01,0.01,0.01,0.01,0.01,0.01,0.01,0.01
NIU,Niue,Climate Watch,Total including LULUCF,All GHG,MtCO₂e,0.01,0.01,0.01,0.01,0.01,0.01,0.01,0.01,0.01,0.01,0.01,0.01,0.01,0.01,0.03,0.03,0.03,0.03,0.03,0.03,0.02,0.02,0.02,0.02,0.02,0.02,0.02,0.01,0.01,0.01,0.01,0.01,0.01,0.01
RWA,Rwanda,Climate Watch,Total including LULUCF,All GHG,MtCO₂e,-2.45,-2.61,-2.87,-1.67,-1.86,-2.03,-2.28,-2.48,6.0,5.33,5.34,5.14,4.95,6.14,5.82,5.66,5.41,5.24,4.92,5.08,4.97,4.86,4.64,6.95,7.86,7.55,7.68,6.81,6.46,5.47,5.82,5.89,5.95,5.96
HND,Honduras,Climate Watch,Total including LULUCF,All GHG,MtCO₂e,-4.26,-6.52,-6.76,75.87,75.38,74.39,74.16,75.39,-17.11,-17.97,-18.03,-18.74,-18.63,-0.65,-0.63,-0.67,-0.96,-1.75,-2.02,-2.79,-1.86,-4.71,-5.02,18.57,18.07,19.68,19.21,18.77,19.34,18.6,17.82,18.0,17.6,17.51
GHA,Ghana,Climate Watch,Total including LULUCF,All GHG,MtCO₂e,-12.03,-12.59,-13.4,58.17,53.73,52.07,50.95,47.79,47.66,46.08,46.55,44.32,42.58,10.93,9.31,8.18,8.48,8.3,7.09,4.99,5.83,5.87,4.75,38.22,38.59,39.68,36.25,34.91,33.73,33.28,33.09,32.98,32.58,32.5
BLR,Belarus,Climate Watch,Total including LULUCF,All GHG,MtCO₂e,-14.15,-13.54,-10.98,93.7,96.16,97.86,94.7,93.02,96.99,101.81,102.44,102.07,100.26,94.11,89.37,92.45,89.16,90.74,87.7,86.34,83.07,82.28,82.69,76.37,78.82,80.71,82.51,81.91,81.56,89.33,102.58,115.46,129.7,134.94
